qseqid	sseqid	pident	length	mismatch	gapopen	qstart	qend	sstart	send	evalue	bitscore	qlen
query1|unknown_host1|phage_test1|label=random	Q775D6|Bordetella|Bacteriophage_BPP-1|Podo|RBP	29.268	41	26	1	22	59	30	70	0.49	23.9	294
query1|unknown_host1|phage_test1|label=random	AVZ45096|Escherichia|Bacteriophage_EP335|Podo|RBP	55.556	9	4	0	39	47	555	563	46	17.7	294
query1|unknown_host1|phage_test1|label=random	P07627|Enterobacteria|Bacteriophage_Ox2|Sipho|RBP	27.778	36	22	1	7	42	95	126	86	16.5	294
query1|unknown_host1|phage_test1|label=random	P03744|Enterobacteria|Bacteriophage_T4|Myo|RBP	53.846	13	6	0	32	44	557	569	91	16.9	294
query1|unknown_host1|phage_test1|label=random	AEL79676.1|Escherichia|Bacteriophage_vB_EcoP_G7C|Podo|RBP	54.545	11	5	0	32	42	361	371	94	16.5	294
query1|unknown_host1|phage_test1|label=random	pdb_00007qlr|Clostridium|Bacteriophage_C._difficile|Sipho|RBP	54.545	11	5	0	37	47	196	206	179	15.8	294
query1|unknown_host1|phage_test1|label=random	YP_009880322.1|Escherichia|Bacteriophage_ep75|Sipho|RBP	33.333	15	10	0	83	97	302	316	253	15.4	294
query1|unknown_host1|phage_test1|label=random	pdb_0000q0pdk6|Bacillus|Bacteriophage_SPP1|Sipho|RBP	50.000	12	6	0	32	43	982	993	390	14.6	294
query1|unknown_host1|phage_test1|label=random	pdb_00005efv|Staphylococcus|Bacteriophage_11|Sipho|RBP	50.000	8	4	0	37	44	361	368	553	14.2	294
query1|unknown_host1|phage_test1|label=random	pdb_00008xci|Escherichia|Bacteriophage_lambda|Sipho|RBP	53.846	13	5	1	22	33	150	162	790	13.9	294
query1|unknown_host1|phage_test1|label=random	P03748|Escherichia|Bacteriophage_T7|Podo|RBP	29.167	24	14	1	22	45	145	165	957	13.5	294
query1|unknown_host1|phage_test1|label=random	APZ82848.1|Klebsiella|Bacteriophage_K5-4|Myo|RBP	27.500	40	24	2	16	50	513	552	980	13.5	294
query2|unknown_host2|phage_test2|label=positive	YP_654148.1|Escherichia|Bacteriophage_K1-5|Podo|RBP	100.000	811	0	0	1	811	1	811	0.0	1692	811
query2|unknown_host2|phage_test2|label=positive	P49714|Escherichia|Bacteriophage_K1E|Podo|RBP	97.657	811	19	0	1	811	1	811	0.0	1658	811
query2|unknown_host2|phage_test2|label=positive	Q04830|Escherichia|Bacteriophage_K1F|Podo|RBP	72.115	832	171	8	22	802	234	1055	0.0	1199	811
query2|unknown_host2|phage_test2|label=positive	CBY99572.1|Escherichia|Bacteriophage_phi92|Myo|RBP	46.272	845	380	10	35	807	72	914	0.0	755	811
query2|unknown_host2|phage_test2|label=positive	YP_009168860.1|Escherichia|Bacteriophage_K1H|Podo|RBP	46.520	819	389	10	35	806	163	979	0.0	743	811
query2|unknown_host2|phage_test2|label=positive	O09496|Escherichia|Bacteriophage_K5|Podo|RBP	32.941	170	90	4	661	806	459	628	2.05e-17	78.6	811
query2|unknown_host2|phage_test2|label=positive	YP_654147.1|Escherichia|Bacteriophage_K1-5|Podo|RBP	32.749	171	91	4	661	807	459	629	3.19e-17	77.8	811
query2|unknown_host2|phage_test2|label=positive	AEM91898.1|Escherichia|Bacteriophage_Cba120|Sipho|RBP	46.429	56	25	2	10	60	175	230	4.17e-06	42.0	811
query2|unknown_host2|phage_test2|label=positive	Q9XJP3|Shigella|Bacteriophage_Sf6|Podo|RBP	26.984	63	46	0	6	68	135	197	7.65e-04	34.7	811
query2|unknown_host2|phage_test2|label=positive	APZ82848.1|Klebsiella|Bacteriophage_K5-4|Myo|RBP	45.652	46	20	2	31	71	36	81	0.002	33.1	811
query2|unknown_host2|phage_test2|label=positive	P07537|Bacillus|Bacteriophage_PZA|Podo|RBP	39.130	46	28	0	13	58	86	131	0.004	32.3	811
query2|unknown_host2|phage_test2|label=positive	P20345|Bacillus|Bacteriophage_phi-29|Podo|RBP	39.130	46	28	0	13	58	86	131	0.006	32.0	811
query2|unknown_host2|phage_test2|label=positive	P0DJY6|Escherichia|Bacteriophage_Mu|Myo|RBP	31.034	29	20	0	141	169	43	71	0.31	26.2	811
query2|unknown_host2|phage_test2|label=positive	OUTGROUP_CAPSID_06|Enterobacter_phage_CC31|major_head_protein|YP_004010035.1|OUTGROUP	31.148	61	32	2	717	769	253	311	0.92	24.6	811
query2|unknown_host2|phage_test2|label=positive	YP_512279.1|Escherichia|Bacteriophage_phiV10|Sipho|RBP	22.400	125	82	4	258	367	735	859	1.8	23.9	811
query2|unknown_host2|phage_test2|label=positive	OUTGROUP_CAPSID_03|Escherichia_phage_vB_EcoM_VR25|major_head_protein|YP_009209931.1|OUTGROUP	29.508	61	33	2	717	769	252	310	3.5	22.7	811
query2|unknown_host2|phage_test2|label=positive	OUTGROUP_CAPSID_04|Escherichia_phage_IME08|major_head_protein|YP_003734314.1|OUTGROUP	29.508	61	33	2	717	769	255	313	3.7	22.7	811
query2|unknown_host2|phage_test2|label=positive	OUTGROUP_CAPSID_01|Escherichia_phage_T4|major_head_protein|NP_049787.1|OUTGROUP	29.508	61	33	2	717	769	254	312	4.3	22.7	811
query2|unknown_host2|phage_test2|label=positive	OUTGROUP_CAPSID_02|Escherichia_phage_phiC120|major_head_protein|YP_010090013.1|OUTGROUP	29.508	61	33	2	717	769	255	313	4.5	22.3	811
query2|unknown_host2|phage_test2|label=positive	YP_009880322.1|Escherichia|Bacteriophage_ep75|Sipho|RBP	25.225	111	65	3	239	334	329	436	7.9	21.6	811
query2|unknown_host2|phage_test2|label=positive	pdb_00007qlr|Clostridium|Bacteriophage_C._difficile|Sipho|RBP	24.242	33	25	0	536	568	252	284	8.5	21.6	811
query2|unknown_host2|phage_test2|label=positive	pdb_0000q0pdk6|Bacillus|Bacteriophage_SPP1|Sipho|RBP	25.397	63	42	1	216	273	739	801	10	21.6	811
query2|unknown_host2|phage_test2|label=positive	YP_004782195.1|Escherichia|Bacteriophage_vB_EcoP_G7C|Podo|RBP	37.037	27	17	0	157	183	285	311	15	20.8	811
query2|unknown_host2|phage_test2|label=positive	OUTGROUP_CAPSID_05|Klebsiella_phage_vB_KpnM_KpV477|major_head_protein|YP_009288862.1|OUTGROUP	27.869	61	34	2	717	769	252	310	17	20.4	811
query2|unknown_host2|phage_test2|label=positive	P07627|Enterobacteria|Bacteriophage_Ox2|Sipho|RBP	40.000	35	20	1	695	728	136	170	27	19.6	811
query2|unknown_host2|phage_test2|label=positive	pdb_00001zru|Lactococcal|Bacteriophage_P2|Myo|RBP	34.211	38	23	1	271	306	5	42	28	19.6	811
query2|unknown_host2|phage_test2|label=positive	QQG32074.1|Salmonella|Bacteriophage_vB_CkoM_CkP1|Myo|RBP	39.130	23	13	1	652	673	360	382	29	20.0	811
query2|unknown_host2|phage_test2|label=positive	pdb_00005yvq|Enterobacteria|Bacteriophage_Mu|Myo|RBP	38.095	21	8	1	725	745	210	225	33	19.6	811
query2|unknown_host2|phage_test2|label=positive	AEM91897.1|Escherichia|Bacteriophage_Cba120|Sipho|RBP	27.778	54	25	2	704	757	453	492	33	19.6	811
query2|unknown_host2|phage_test2|label=positive	pdb_00004rga|Lactococcus|Bacteriophage_1358|Sipho|RBP	31.034	29	20	0	507	535	336	364	34	19.6	811
query2|unknown_host2|phage_test2|label=positive	YP_006382457.1|Escherichia|Bacteriophage_vB_EcoS_AKFV33|Sipho|RBP	30.357	112	55	7	590	694	100	195	49	19.2	811
query2|unknown_host2|phage_test2|label=positive	AUV56907.1|Staphylococcus|Bacteriophage_vB_SauM_LM12|Myo|RBP	30.769	26	18	0	571	596	243	268	51	18.9	811
query2|unknown_host2|phage_test2|label=positive	pdb_00005efv|Staphylococcus|Bacteriophage_11|Sipho|RBP	66.667	9	3	0	162	170	162	170	52	19.2	811
query2|unknown_host2|phage_test2|label=positive	Q858F5|Salmonella|Bacteriophage_epsilon15|Podo|RBP	27.500	40	28	1	23	61	39	78	52	19.2	811
query2|unknown_host2|phage_test2|label=positive	P0DTN8|Klebsiella|Bacteriophage_RAD2|Podo|RBP	40.909	22	10	1	345	363	783	804	55	18.9	811
query2|unknown_host2|phage_test2|label=positive	P0DTN7|Klebsiella|Bacteriophage_B1|Podo|RBP	40.909	22	10	1	345	363	783	804	56	18.9	811
query2|unknown_host2|phage_test2|label=positive	AVZ45096|Escherichia|Bacteriophage_EP335|Podo|RBP	75.000	8	2	0	342	349	500	507	58	18.9	811
query2|unknown_host2|phage_test2|label=positive	pdb_00006iab|Staphylococcus|Bacteriophage_P68|Sipho|RBP	38.889	18	11	0	152	169	454	471	61	18.9	811
query2|unknown_host2|phage_test2|label=positive	AEL79676.1|Escherichia|Bacteriophage_vB_EcoP_G7C|Podo|RBP	22.785	79	52	3	537	615	225	294	63	18.9	811
query2|unknown_host2|phage_test2|label=positive	P13332|Enterobacteria|Bacteriophage_T4|Myo|RBP	24.390	82	54	3	636	712	378	456	83	18.5	811
query2|unknown_host2|phage_test2|label=positive	YP_003347556.1|Klebsiella|Bacteriophage_KP32|Podo|RBP	28.947	38	20	2	341	374	358	392	95	18.1	811
query2|unknown_host2|phage_test2|label=positive	pdb_00008xci|Escherichia|Bacteriophage_lambda|Sipho|RBP	43.478	23	10	1	65	87	541	560	129	17.7	811
query2|unknown_host2|phage_test2|label=positive	P10308|Enterobacteria|Bacteriophage_T3|Podo|RBP	31.818	66	39	3	686	750	63	123	130	17.7	811
query2|unknown_host2|phage_test2|label=positive	K9L8K6|Klebsiella|Bacteriophage_KP36|Podo|RBP	23.404	94	48	3	18	110	252	322	131	17.7	811
query2|unknown_host2|phage_test2|label=positive	P03748|Escherichia|Bacteriophage_T7|Podo|RBP	28.000	25	18	0	87	111	277	301	136	17.7	811
query2|unknown_host2|phage_test2|label=positive	P10930|Enterobacteria|Bacteriophage_T4|Myo|RBP	53.846	13	6	0	428	440	455	467	140	17.7	811
query2|unknown_host2|phage_test2|label=positive	P03744|Enterobacteria|Bacteriophage_T4|Myo|RBP	45.000	20	10	1	316	334	727	746	147	17.7	811
query2|unknown_host2|phage_test2|label=positive	YP_009788589.1|Klebsiella|Bacteriophage_K5-2|Myo|RBP	29.412	17	12	0	532	548	535	551	157	17.7	811
query2|unknown_host2|phage_test2|label=positive	YP_001671760.1|Escherichia|Bacteriophage_PhiEco32|Podo|RBP	27.660	47	27	3	478	524	572	611	174	17.3	811
query2|unknown_host2|phage_test2|label=positive	Q9G0B4|Escherichia|Bacteriophage_AR1|Podo|RBP	28.000	25	18	0	272	296	1	25	185	17.3	811
query2|unknown_host2|phage_test2|label=positive	P07875|Enterobacteria|Bacteriophage_T2|Myo|RBP	40.000	25	13	1	610	634	1	23	205	16.9	811
query2|unknown_host2|phage_test2|label=positive	P07876|Enterobacteria|Bacteriophage_K3|Podo|RBP	43.478	23	11	1	610	632	1	21	222	16.9	811
query2|unknown_host2|phage_test2|label=positive	P12528|Salmonella|Bacteriophage_P22|Podo|RBP	30.769	39	23	1	183	221	495	529	235	16.9	811
query2|unknown_host2|phage_test2|label=positive	AEM91899.1|Escherichia|Bacteriophage_Cba120|Sipho|RBP	20.455	44	35	0	238	281	576	619	246	16.9	811
query2|unknown_host2|phage_test2|label=positive	QLF82969.1|Klebsiella|Bacteriophage_KpnM6E1|Myo|RBP	45.455	11	6	0	357	367	128	138	287	16.5	811
query2|unknown_host2|phage_test2|label=positive	pdb_00005e7f|Lactococcus|Bacteriophage_Tuc2009|Sipho|RBP	35.000	20	13	0	86	105	82	101	295	16.5	811
query2|unknown_host2|phage_test2|label=positive	M1EBB2.1|Salmonella|Salmonella_phage_vB_SenM-S16|Myo|RBP	36.364	22	13	1	402	423	15	35	368	16.2	811
query2|unknown_host2|phage_test2|label=positive	Q775D6|Bordetella|Bacteriophage_BPP-1|Podo|RBP	44.444	9	5	0	16	24	185	193	485	15.8	811
query2|unknown_host2|phage_test2|label=positive	P23207.2|Escherichia|Bacteriophage_T5|Sipho|RBP	23.810	21	16	0	161	181	580	600	523	15.8	811
query2|unknown_host2|phage_test2|label=positive	NP_112089.1|Enterobacteria|Bacteriophage_HK620|Sipho|RBP	30.435	23	16	0	142	164	9	31	736	15.0	811
query2|unknown_host2|phage_test2|label=positive	P22588|Escherichia|Bacteriophage_P1|Myo|RBP	57.143	7	3	0	104	110	80	86	775	15.0	811
query2|unknown_host2|phage_test2|label=positive	pdb_00002f0c|Lactococcus|Bacteriophage_P335|Sipho|RBP	22.857	35	26	1	644	678	58	91	925	15.0	811
query2|unknown_host2|phage_test2|label=positive	P08234|Enterobacteria|Bacteriophage_M1|Podo|RBP	71.429	7	2	0	554	560	94	100	986	15.0	811
query3|bacillus_subtilis|Bacillus_phage_Chedec_11|label=pharbp	pdb_00006iab|Staphylococcus|Bacteriophage_P68|Sipho|RBP	33.278	601	358	11	35	603	55	644	2.39e-100	319	852
query3|bacillus_subtilis|Bacillus_phage_Chedec_11|label=pharbp	pdb_00005efv|Staphylococcus|Bacteriophage_11|Sipho|RBP	26.642	548	345	21	43	560	70	590	3.20e-36	138	852
query3|bacillus_subtilis|Bacillus_phage_Chedec_11|label=pharbp	P20345|Bacillus|Bacteriophage_phi-29|Podo|RBP	53.125	96	45	0	2	97	3	98	2.62e-28	114	852
query3|bacillus_subtilis|Bacillus_phage_Chedec_11|label=pharbp	P07537|Bacillus|Bacteriophage_PZA|Podo|RBP	53.125	96	45	0	2	97	3	98	2.96e-28	114	852
query3|bacillus_subtilis|Bacillus_phage_Chedec_11|label=pharbp	YP_006382457.1|Escherichia|Bacteriophage_vB_EcoS_AKFV33|Sipho|RBP	47.826	23	12	0	657	679	297	319	0.57	25.4	852
query3|bacillus_subtilis|Bacillus_phage_Chedec_11|label=pharbp	OUTGROUP_CAPSID_02|Escherichia_phage_phiC120|major_head_protein|YP_010090013.1|OUTGROUP	27.500	80	40	4	55	129	10	76	0.77	25.0	852
query3|bacillus_subtilis|Bacillus_phage_Chedec_11|label=pharbp	OUTGROUP_CAPSID_01|Escherichia_phage_T4|major_head_protein|NP_049787.1|OUTGROUP	44.000	25	11	1	54	78	8	29	1.9	23.9	852
query3|bacillus_subtilis|Bacillus_phage_Chedec_11|label=pharbp	pdb_00008xci|Escherichia|Bacteriophage_lambda|Sipho|RBP	27.143	70	37	2	400	455	436	505	1.9	23.9	852
query3|bacillus_subtilis|Bacillus_phage_Chedec_11|label=pharbp	AEL79676.1|Escherichia|Bacteriophage_vB_EcoP_G7C|Podo|RBP	31.250	32	20	1	183	214	116	145	4.1	22.7	852
query3|bacillus_subtilis|Bacillus_phage_Chedec_11|label=pharbp	P03748|Escherichia|Bacteriophage_T7|Podo|RBP	38.462	39	21	1	607	645	214	249	4.5	22.7	852
query3|bacillus_subtilis|Bacillus_phage_Chedec_11|label=pharbp	pdb_0000q0pdk6|Bacillus|Bacteriophage_SPP1|Sipho|RBP	23.958	96	56	3	438	532	310	389	7.1	21.9	852
query3|bacillus_subtilis|Bacillus_phage_Chedec_11|label=pharbp	YP_512279.1|Escherichia|Bacteriophage_phiV10|Sipho|RBP	42.857	21	12	0	334	354	519	539	7.4	21.9	852
query3|bacillus_subtilis|Bacillus_phage_Chedec_11|label=pharbp	AEM91899.1|Escherichia|Bacteriophage_Cba120|Sipho|RBP	32.609	46	27	2	647	689	82	126	12	21.2	852
query3|bacillus_subtilis|Bacillus_phage_Chedec_11|label=pharbp	AVZ45096|Escherichia|Bacteriophage_EP335|Podo|RBP	23.810	42	23	1	167	199	528	569	13	21.2	852
query3|bacillus_subtilis|Bacillus_phage_Chedec_11|label=pharbp	APZ82848.1|Klebsiella|Bacteriophage_K5-4|Myo|RBP	29.167	24	17	0	570	593	513	536	14	21.2	852
query3|bacillus_subtilis|Bacillus_phage_Chedec_11|label=pharbp	P22588|Escherichia|Bacteriophage_P1|Myo|RBP	24.590	61	42	2	373	432	88	145	15	20.8	852
query3|bacillus_subtilis|Bacillus_phage_Chedec_11|label=pharbp	Q775D6|Bordetella|Bacteriophage_BPP-1|Podo|RBP	31.250	32	19	1	435	466	122	150	15	20.8	852
query3|bacillus_subtilis|Bacillus_phage_Chedec_11|label=pharbp	P10308|Enterobacteria|Bacteriophage_T3|Podo|RBP	24.051	79	57	2	196	273	398	474	16	20.8	852
query3|bacillus_subtilis|Bacillus_phage_Chedec_11|label=pharbp	P0DTN8|Klebsiella|Bacteriophage_RAD2|Podo|RBP	41.667	24	13	1	805	828	174	196	19	20.4	852
query3|bacillus_subtilis|Bacillus_phage_Chedec_11|label=pharbp	Q858F5|Salmonella|Bacteriophage_epsilon15|Podo|RBP	34.286	35	19	1	525	559	36	66	20	20.4	852
query3|bacillus_subtilis|Bacillus_phage_Chedec_11|label=pharbp	P0DTN7|Klebsiella|Bacteriophage_B1|Podo|RBP	41.667	24	13	1	805	828	174	196	20	20.4	852
query3|bacillus_subtilis|Bacillus_phage_Chedec_11|label=pharbp	Q9XJP3|Shigella|Bacteriophage_Sf6|Podo|RBP	38.889	18	11	0	154	171	523	540	23	20.4	852
query3|bacillus_subtilis|Bacillus_phage_Chedec_11|label=pharbp	P07627|Enterobacteria|Bacteriophage_Ox2|Sipho|RBP	43.478	23	13	0	636	658	135	157	24	20.0	852
query3|bacillus_subtilis|Bacillus_phage_Chedec_11|label=pharbp	OUTGROUP_CAPSID_06|Enterobacter_phage_CC31|major_head_protein|YP_004010035.1|OUTGROUP	29.412	34	19	1	52	80	4	37	24	20.0	852
query3|bacillus_subtilis|Bacillus_phage_Chedec_11|label=pharbp	AEM91898.1|Escherichia|Bacteriophage_Cba120|Sipho|RBP	25.926	27	20	0	47	73	289	315	25	20.0	852
query3|bacillus_subtilis|Bacillus_phage_Chedec_11|label=pharbp	P23207.2|Escherichia|Bacteriophage_T5|Sipho|RBP	38.889	36	20	1	611	644	404	439	26	20.0	852
query3|bacillus_subtilis|Bacillus_phage_Chedec_11|label=pharbp	YP_009880322.1|Escherichia|Bacteriophage_ep75|Sipho|RBP	32.000	25	17	0	1	25	610	634	28	20.0	852
query3|bacillus_subtilis|Bacillus_phage_Chedec_11|label=pharbp	P13332|Enterobacteria|Bacteriophage_T4|Myo|RBP	17.073	41	33	1	673	713	143	182	31	20.0	852
query3|bacillus_subtilis|Bacillus_phage_Chedec_11|label=pharbp	P03744|Enterobacteria|Bacteriophage_T4|Myo|RBP	44.444	18	10	0	580	597	211	228	42	19.6	852
query3|bacillus_subtilis|Bacillus_phage_Chedec_11|label=pharbp	Q04830|Escherichia|Bacteriophage_K1F|Podo|RBP	25.641	39	27	1	29	65	134	172	48	19.2	852
query3|bacillus_subtilis|Bacillus_phage_Chedec_11|label=pharbp	YP_654148.1|Escherichia|Bacteriophage_K1-5|Podo|RBP	25.926	27	20	0	262	288	373	399	52	19.2	852
query3|bacillus_subtilis|Bacillus_phage_Chedec_11|label=pharbp	YP_003347556.1|Klebsiella|Bacteriophage_KP32|Podo|RBP	21.429	70	39	2	754	821	499	554	53	19.2	852
query3|bacillus_subtilis|Bacillus_phage_Chedec_11|label=pharbp	AUV56907.1|Staphylococcus|Bacteriophage_vB_SauM_LM12|Myo|RBP	30.000	30	18	1	442	471	75	101	53	19.2	852
query3|bacillus_subtilis|Bacillus_phage_Chedec_11|label=pharbp	YP_009168860.1|Escherichia|Bacteriophage_K1H|Podo|RBP	34.483	29	15	1	484	512	495	519	57	18.9	852
query3|bacillus_subtilis|Bacillus_phage_Chedec_11|label=pharbp	OUTGROUP_CAPSID_04|Escherichia_phage_IME08|major_head_protein|YP_003734314.1|OUTGROUP	27.778	36	21	1	55	85	9	44	57	18.9	852
query3|bacillus_subtilis|Bacillus_phage_Chedec_11|label=pharbp	K9L8K6|Klebsiella|Bacteriophage_KP36|Podo|RBP	26.316	95	61	3	329	423	725	810	60	18.9	852
query3|bacillus_subtilis|Bacillus_phage_Chedec_11|label=pharbp	OUTGROUP_CAPSID_03|Escherichia_phage_vB_EcoM_VR25|major_head_protein|YP_009209931.1|OUTGROUP	27.778	36	21	1	55	85	6	41	60	18.9	852
query3|bacillus_subtilis|Bacillus_phage_Chedec_11|label=pharbp	OUTGROUP_CAPSID_05|Klebsiella_phage_vB_KpnM_KpV477|major_head_protein|YP_009288862.1|OUTGROUP	50.000	12	6	0	53	64	4	15	73	18.5	852
query3|bacillus_subtilis|Bacillus_phage_Chedec_11|label=pharbp	P12528|Salmonella|Bacteriophage_P22|Podo|RBP	35.714	14	9	0	156	169	288	301	76	18.5	852
query3|bacillus_subtilis|Bacillus_phage_Chedec_11|label=pharbp	pdb_00001zru|Lactococcal|Bacteriophage_P2|Myo|RBP	23.214	56	39	2	798	852	212	264	77	18.5	852
query3|bacillus_subtilis|Bacillus_phage_Chedec_11|label=pharbp	YP_009788589.1|Klebsiella|Bacteriophage_K5-2|Myo|RBP	35.000	20	13	0	53	72	302	321	80	18.5	852
query3|bacillus_subtilis|Bacillus_phage_Chedec_11|label=pharbp	pdb_00004rga|Lactococcus|Bacteriophage_1358|Sipho|RBP	25.926	27	20	0	443	469	251	277	84	18.5	852
query3|bacillus_subtilis|Bacillus_phage_Chedec_11|label=pharbp	P0DJY6|Escherichia|Bacteriophage_Mu|Myo|RBP	33.333	27	18	0	190	216	168	194	91	18.1	852
query3|bacillus_subtilis|Bacillus_phage_Chedec_11|label=pharbp	pdb_00005yvq|Enterobacteria|Bacteriophage_Mu|Myo|RBP	31.034	29	20	0	819	847	119	147	106	18.1	852
query3|bacillus_subtilis|Bacillus_phage_Chedec_11|label=pharbp	CBY99572.1|Escherichia|Bacteriophage_phi92|Myo|RBP	45.000	20	11	0	716	735	426	445	110	18.1	852
query3|bacillus_subtilis|Bacillus_phage_Chedec_11|label=pharbp	pdb_00007qlr|Clostridium|Bacteriophage_C._difficile|Sipho|RBP	28.125	32	22	1	275	305	516	547	111	18.1	852
query3|bacillus_subtilis|Bacillus_phage_Chedec_11|label=pharbp	AEM91897.1|Escherichia|Bacteriophage_Cba120|Sipho|RBP	38.710	31	16	1	190	217	792	822	113	18.1	852
query3|bacillus_subtilis|Bacillus_phage_Chedec_11|label=pharbp	Q9G0B4|Escherichia|Bacteriophage_AR1|Podo|RBP	33.333	21	14	0	627	647	228	248	115	17.7	852
query3|bacillus_subtilis|Bacillus_phage_Chedec_11|label=pharbp	NP_112089.1|Enterobacteria|Bacteriophage_HK620|Sipho|RBP	50.000	10	5	0	556	565	6	15	136	17.3	852
query3|bacillus_subtilis|Bacillus_phage_Chedec_11|label=pharbp	P49714|Escherichia|Bacteriophage_K1E|Podo|RBP	25.926	27	20	0	262	288	373	399	137	17.7	852
query3|bacillus_subtilis|Bacillus_phage_Chedec_11|label=pharbp	P10930|Enterobacteria|Bacteriophage_T4|Myo|RBP	36.842	19	12	0	522	540	450	468	142	17.7	852
query3|bacillus_subtilis|Bacillus_phage_Chedec_11|label=pharbp	M1EBB2.1|Salmonella|Salmonella_phage_vB_SenM-S16|Myo|RBP	25.641	39	25	1	680	718	204	238	161	17.3	852
query3|bacillus_subtilis|Bacillus_phage_Chedec_11|label=pharbp	pdb_00005e7f|Lactococcus|Bacteriophage_Tuc2009|Sipho|RBP	25.806	62	39	3	512	567	80	140	180	17.3	852
query3|bacillus_subtilis|Bacillus_phage_Chedec_11|label=pharbp	QQG32074.1|Salmonella|Bacteriophage_vB_CkoM_CkP1|Myo|RBP	43.750	16	9	0	516	531	240	255	186	17.3	852
query3|bacillus_subtilis|Bacillus_phage_Chedec_11|label=pharbp	YP_001671760.1|Escherichia|Bacteriophage_PhiEco32|Podo|RBP	25.000	36	24	1	794	829	1	33	219	16.9	852
query3|bacillus_subtilis|Bacillus_phage_Chedec_11|label=pharbp	P08234|Enterobacteria|Bacteriophage_M1|Podo|RBP	60.000	10	4	0	195	204	51	60	226	16.9	852
query3|bacillus_subtilis|Bacillus_phage_Chedec_11|label=pharbp	P07876|Enterobacteria|Bacteriophage_K3|Podo|RBP	29.167	24	16	1	72	95	12	34	266	16.5	852
query3|bacillus_subtilis|Bacillus_phage_Chedec_11|label=pharbp	P07875|Enterobacteria|Bacteriophage_T2|Myo|RBP	41.667	12	7	0	72	83	12	23	288	16.5	852
query3|bacillus_subtilis|Bacillus_phage_Chedec_11|label=pharbp	O09496|Escherichia|Bacteriophage_K5|Podo|RBP	60.000	10	4	0	625	634	86	95	401	16.2	852
query3|bacillus_subtilis|Bacillus_phage_Chedec_11|label=pharbp	YP_654147.1|Escherichia|Bacteriophage_K1-5|Podo|RBP	60.000	10	4	0	625	634	86	95	408	16.2	852
query3|bacillus_subtilis|Bacillus_phage_Chedec_11|label=pharbp	pdb_00002fsd|Lactococcus|Bacteriophage_bIL170|Sipho|RBP	35.294	17	11	0	628	644	107	123	426	15.8	852
query3|bacillus_subtilis|Bacillus_phage_Chedec_11|label=pharbp	YP_004782195.1|Escherichia|Bacteriophage_vB_EcoP_G7C|Podo|RBP	66.667	6	2	0	833	838	287	292	450	16.2	852
query3|bacillus_subtilis|Bacillus_phage_Chedec_11|label=pharbp	pdb_00002f0c|Lactococcus|Bacteriophage_P335|Sipho|RBP	31.579	19	13	0	448	466	53	71	755	15.4	852
query4|unknown_host|Lactobacillus_phage_ViSo_2018a|label=pharbp	pdb_00006iab|Staphylococcus|Bacteriophage_P68|Sipho|RBP	27.119	59	38	1	602	660	216	269	0.23	26.6	830
query4|unknown_host|Lactobacillus_phage_ViSo_2018a|label=pharbp	AVZ45096|Escherichia|Bacteriophage_EP335|Podo|RBP	28.571	70	48	1	440	509	480	547	1.1	24.6	830
query4|unknown_host|Lactobacillus_phage_ViSo_2018a|label=pharbp	Q858F5|Salmonella|Bacteriophage_epsilon15|Podo|RBP	25.439	114	66	4	156	251	634	746	1.4	24.3	830
query4|unknown_host|Lactobacillus_phage_ViSo_2018a|label=pharbp	pdb_00005efv|Staphylococcus|Bacteriophage_11|Sipho|RBP	19.780	182	123	4	602	768	211	384	2.2	23.5	830
query4|unknown_host|Lactobacillus_phage_ViSo_2018a|label=pharbp	P03744|Enterobacteria|Bacteriophage_T4|Myo|RBP	25.000	24	18	0	12	35	538	561	9.5	21.6	830
query4|unknown_host|Lactobacillus_phage_ViSo_2018a|label=pharbp	YP_009168860.1|Escherichia|Bacteriophage_K1H|Podo|RBP	45.161	31	12	2	629	654	425	455	11	21.2	830
query4|unknown_host|Lactobacillus_phage_ViSo_2018a|label=pharbp	YP_001671760.1|Escherichia|Bacteriophage_PhiEco32|Podo|RBP	37.500	24	14	1	740	762	239	262	16	20.8	830
query4|unknown_host|Lactobacillus_phage_ViSo_2018a|label=pharbp	YP_009880322.1|Escherichia|Bacteriophage_ep75|Sipho|RBP	28.000	75	45	4	148	213	626	700	17	20.8	830
query4|unknown_host|Lactobacillus_phage_ViSo_2018a|label=pharbp	NP_112089.1|Enterobacteria|Bacteriophage_HK620|Sipho|RBP	26.923	52	36	2	650	700	50	100	17	20.0	830
query4|unknown_host|Lactobacillus_phage_ViSo_2018a|label=pharbp	AEM91899.1|Escherichia|Bacteriophage_Cba120|Sipho|RBP	34.615	26	17	0	177	202	528	553	18	20.8	830
query4|unknown_host|Lactobacillus_phage_ViSo_2018a|label=pharbp	CBY99572.1|Escherichia|Bacteriophage_phi92|Myo|RBP	23.770	122	63	4	168	275	61	166	19	20.4	830
query4|unknown_host|Lactobacillus_phage_ViSo_2018a|label=pharbp	pdb_00007qlr|Clostridium|Bacteriophage_C._difficile|Sipho|RBP	26.050	119	61	6	183	289	172	275	20	20.4	830
query4|unknown_host|Lactobacillus_phage_ViSo_2018a|label=pharbp	AEL79676.1|Escherichia|Bacteriophage_vB_EcoP_G7C|Podo|RBP	38.889	18	11	0	800	817	228	245	21	20.4	830
query4|unknown_host|Lactobacillus_phage_ViSo_2018a|label=pharbp	YP_003347556.1|Klebsiella|Bacteriophage_KP32|Podo|RBP	45.161	31	13	2	582	611	242	269	27	20.0	830
query4|unknown_host|Lactobacillus_phage_ViSo_2018a|label=pharbp	pdb_00001zru|Lactococcal|Bacteriophage_P2|Myo|RBP	44.444	27	10	1	360	386	21	42	27	20.0	830
query4|unknown_host|Lactobacillus_phage_ViSo_2018a|label=pharbp	YP_004782195.1|Escherichia|Bacteriophage_vB_EcoP_G7C|Podo|RBP	25.000	52	39	0	345	396	628	679	28	20.0	830
query4|unknown_host|Lactobacillus_phage_ViSo_2018a|label=pharbp	P12528|Salmonella|Bacteriophage_P22|Podo|RBP	30.882	68	43	2	34	99	419	484	41	19.2	830
query4|unknown_host|Lactobacillus_phage_ViSo_2018a|label=pharbp	AEM91897.1|Escherichia|Bacteriophage_Cba120|Sipho|RBP	41.176	17	10	0	580	596	65	81	43	19.2	830
query4|unknown_host|Lactobacillus_phage_ViSo_2018a|label=pharbp	P20345|Bacillus|Bacteriophage_phi-29|Podo|RBP	42.857	14	8	0	647	660	252	265	45	19.2	830
query4|unknown_host|Lactobacillus_phage_ViSo_2018a|label=pharbp	P07537|Bacillus|Bacteriophage_PZA|Podo|RBP	42.857	14	8	0	647	660	252	265	46	19.2	830
query4|unknown_host|Lactobacillus_phage_ViSo_2018a|label=pharbp	P10308|Enterobacteria|Bacteriophage_T3|Podo|RBP	33.333	18	12	0	111	128	323	340	49	19.2	830
query4|unknown_host|Lactobacillus_phage_ViSo_2018a|label=pharbp	pdb_00005e7f|Lactococcus|Bacteriophage_Tuc2009|Sipho|RBP	28.947	38	26	1	163	199	83	120	50	18.9	830
query4|unknown_host|Lactobacillus_phage_ViSo_2018a|label=pharbp	pdb_0000q0pdk6|Bacillus|Bacteriophage_SPP1|Sipho|RBP	38.889	18	11	0	659	676	650	667	50	19.2	830
query4|unknown_host|Lactobacillus_phage_ViSo_2018a|label=pharbp	P22588|Escherichia|Bacteriophage_P1|Myo|RBP	29.167	24	17	0	220	243	150	173	51	18.9	830
query4|unknown_host|Lactobacillus_phage_ViSo_2018a|label=pharbp	P07627|Enterobacteria|Bacteriophage_Ox2|Sipho|RBP	36.364	11	7	0	735	745	14	24	52	18.9	830
query4|unknown_host|Lactobacillus_phage_ViSo_2018a|label=pharbp	APZ82848.1|Klebsiella|Bacteriophage_K5-4|Myo|RBP	30.000	30	20	1	657	686	6	34	52	19.2	830
query4|unknown_host|Lactobacillus_phage_ViSo_2018a|label=pharbp	Q04830|Escherichia|Bacteriophage_K1F|Podo|RBP	32.000	50	32	1	454	503	101	148	60	18.9	830
query4|unknown_host|Lactobacillus_phage_ViSo_2018a|label=pharbp	YP_512279.1|Escherichia|Bacteriophage_phiV10|Sipho|RBP	23.214	56	43	0	576	631	249	304	61	18.9	830
query4|unknown_host|Lactobacillus_phage_ViSo_2018a|label=pharbp	YP_009788589.1|Klebsiella|Bacteriophage_K5-2|Myo|RBP	32.143	28	19	0	129	156	170	197	62	18.9	830
query4|unknown_host|Lactobacillus_phage_ViSo_2018a|label=pharbp	OUTGROUP_CAPSID_02|Escherichia_phage_phiC120|major_head_protein|YP_010090013.1|OUTGROUP	27.778	18	13	0	164	181	388	405	64	18.9	830
query4|unknown_host|Lactobacillus_phage_ViSo_2018a|label=pharbp	P49714|Escherichia|Bacteriophage_K1E|Podo|RBP	27.273	44	31	1	36	79	24	66	64	18.9	830
query4|unknown_host|Lactobacillus_phage_ViSo_2018a|label=pharbp	YP_654148.1|Escherichia|Bacteriophage_K1-5|Podo|RBP	27.083	48	33	2	601	648	69	114	76	18.5	830
query4|unknown_host|Lactobacillus_phage_ViSo_2018a|label=pharbp	P23207.2|Escherichia|Bacteriophage_T5|Sipho|RBP	57.143	14	6	0	656	669	289	302	78	18.5	830
query4|unknown_host|Lactobacillus_phage_ViSo_2018a|label=pharbp	YP_654147.1|Escherichia|Bacteriophage_K1-5|Podo|RBP	50.000	22	11	0	569	590	87	108	78	18.5	830
query4|unknown_host|Lactobacillus_phage_ViSo_2018a|label=pharbp	OUTGROUP_CAPSID_06|Enterobacter_phage_CC31|major_head_protein|YP_004010035.1|OUTGROUP	24.615	130	75	5	567	674	385	513	79	18.5	830
query4|unknown_host|Lactobacillus_phage_ViSo_2018a|label=pharbp	pdb_00004rga|Lactococcus|Bacteriophage_1358|Sipho|RBP	25.000	40	26	1	635	670	217	256	84	18.5	830
query4|unknown_host|Lactobacillus_phage_ViSo_2018a|label=pharbp	YP_006382457.1|Escherichia|Bacteriophage_vB_EcoS_AKFV33|Sipho|RBP	31.373	51	31	1	762	812	350	396	89	18.5	830
query4|unknown_host|Lactobacillus_phage_ViSo_2018a|label=pharbp	OUTGROUP_CAPSID_01|Escherichia_phage_T4|major_head_protein|NP_049787.1|OUTGROUP	27.778	18	13	0	164	181	387	404	97	18.1	830
query4|unknown_host|Lactobacillus_phage_ViSo_2018a|label=pharbp	P0DTN8|Klebsiella|Bacteriophage_RAD2|Podo|RBP	24.000	25	19	0	322	346	428	452	118	18.1	830
query4|unknown_host|Lactobacillus_phage_ViSo_2018a|label=pharbp	pdb_00008xci|Escherichia|Bacteriophage_lambda|Sipho|RBP	100.000	6	0	0	812	817	1037	1042	118	18.1	830
query4|unknown_host|Lactobacillus_phage_ViSo_2018a|label=pharbp	P0DTN7|Klebsiella|Bacteriophage_B1|Podo|RBP	24.000	25	19	0	322	346	428	452	124	17.7	830
query4|unknown_host|Lactobacillus_phage_ViSo_2018a|label=pharbp	AEM91898.1|Escherichia|Bacteriophage_Cba120|Sipho|RBP	55.556	9	4	0	427	435	609	617	127	17.7	830
query4|unknown_host|Lactobacillus_phage_ViSo_2018a|label=pharbp	Q775D6|Bordetella|Bacteriophage_BPP-1|Podo|RBP	45.455	11	6	0	139	149	180	190	161	17.3	830
query4|unknown_host|Lactobacillus_phage_ViSo_2018a|label=pharbp	O09496|Escherichia|Bacteriophage_K5|Podo|RBP	50.000	22	11	0	569	590	87	108	163	17.3	830
query4|unknown_host|Lactobacillus_phage_ViSo_2018a|label=pharbp	K9L8K6|Klebsiella|Bacteriophage_KP36|Podo|RBP	36.667	30	10	2	736	765	230	250	185	17.3	830
query4|unknown_host|Lactobacillus_phage_ViSo_2018a|label=pharbp	P13332|Enterobacteria|Bacteriophage_T4|Myo|RBP	29.167	72	40	3	17	80	210	278	187	17.3	830
query4|unknown_host|Lactobacillus_phage_ViSo_2018a|label=pharbp	Q9XJP3|Shigella|Bacteriophage_Sf6|Podo|RBP	33.333	15	10	0	121	135	58	72	224	16.9	830
query4|unknown_host|Lactobacillus_phage_ViSo_2018a|label=pharbp	M1EBB2.1|Salmonella|Salmonella_phage_vB_SenM-S16|Myo|RBP	21.739	23	18	0	23	45	63	85	248	16.9	830
query4|unknown_host|Lactobacillus_phage_ViSo_2018a|label=pharbp	P10930|Enterobacteria|Bacteriophage_T4|Myo|RBP	26.829	41	24	1	706	746	421	455	255	16.9	830
query4|unknown_host|Lactobacillus_phage_ViSo_2018a|label=pharbp	QQG32074.1|Salmonella|Bacteriophage_vB_CkoM_CkP1|Myo|RBP	21.687	83	46	2	80	151	504	578	284	16.5	830
query4|unknown_host|Lactobacillus_phage_ViSo_2018a|label=pharbp	pdb_00005yvq|Enterobacteria|Bacteriophage_Mu|Myo|RBP	38.462	13	8	0	744	756	356	368	354	16.5	830
query4|unknown_host|Lactobacillus_phage_ViSo_2018a|label=pharbp	P08234|Enterobacteria|Bacteriophage_M1|Podo|RBP	62.500	8	3	0	758	765	129	136	357	16.2	830
query4|unknown_host|Lactobacillus_phage_ViSo_2018a|label=pharbp	AUV56907.1|Staphylococcus|Bacteriophage_vB_SauM_LM12|Myo|RBP	33.333	18	12	0	629	646	353	370	397	16.2	830
query4|unknown_host|Lactobacillus_phage_ViSo_2018a|label=pharbp	P0DJY6|Escherichia|Bacteriophage_Mu|Myo|RBP	26.316	76	47	3	495	561	87	162	462	15.8	830
query4|unknown_host|Lactobacillus_phage_ViSo_2018a|label=pharbp	P03748|Escherichia|Bacteriophage_T7|Podo|RBP	34.615	26	17	0	478	503	508	533	497	15.8	830
query4|unknown_host|Lactobacillus_phage_ViSo_2018a|label=pharbp	OUTGROUP_CAPSID_04|Escherichia_phage_IME08|major_head_protein|YP_003734314.1|OUTGROUP	75.000	8	2	0	62	69	156	163	539	15.8	830
query4|unknown_host|Lactobacillus_phage_ViSo_2018a|label=pharbp	pdb_00002fsd|Lactococcus|Bacteriophage_bIL170|Sipho|RBP	24.444	45	31	1	130	171	94	138	609	15.4	830
query4|unknown_host|Lactobacillus_phage_ViSo_2018a|label=pharbp	OUTGROUP_CAPSID_05|Klebsiella_phage_vB_KpnM_KpV477|major_head_protein|YP_009288862.1|OUTGROUP	41.667	12	7	0	401	412	120	131	656	15.4	830
query4|unknown_host|Lactobacillus_phage_ViSo_2018a|label=pharbp	OUTGROUP_CAPSID_03|Escherichia_phage_vB_EcoM_VR25|major_head_protein|YP_009209931.1|OUTGROUP	41.667	12	7	0	401	412	120	131	708	15.4	830
query4|unknown_host|Lactobacillus_phage_ViSo_2018a|label=pharbp	Q9G0B4|Escherichia|Bacteriophage_AR1|Podo|RBP	57.143	7	3	0	466	472	96	102	725	15.4	830
query4|unknown_host|Lactobacillus_phage_ViSo_2018a|label=pharbp	P07875|Enterobacteria|Bacteriophage_T2|Myo|RBP	25.926	27	20	0	715	741	56	82	910	15.0	830
query4|unknown_host|Lactobacillus_phage_ViSo_2018a|label=pharbp	pdb_00002f0c|Lactococcus|Bacteriophage_P335|Sipho|RBP	22.857	35	27	0	725	759	27	61	947	15.0	830
query4|unknown_host|Lactobacillus_phage_ViSo_2018a|label=pharbp	P07876|Enterobacteria|Bacteriophage_K3|Podo|RBP	35.714	28	16	1	71	98	231	256	974	15.0	830
query5|Klebsiella_pneumoniae|Klebsiella_phage_K5|label=pharbp	YP_003347556.1|Klebsiella|Bacteriophage_KP32|Podo|RBP	86.609	575	77	0	1	575	2	576	0.0	1040	575
query5|Klebsiella_pneumoniae|Klebsiella_phage_K5|label=pharbp	APZ82848.1|Klebsiella|Bacteriophage_K5-4|Myo|RBP	74.194	31	8	0	1	31	2	32	5.73e-10	53.9	575
query5|Klebsiella_pneumoniae|Klebsiella_phage_K5|label=pharbp	YP_009880322.1|Escherichia|Bacteriophage_ep75|Sipho|RBP	30.000	80	37	4	301	361	200	279	0.77	24.6	575
query5|Klebsiella_pneumoniae|Klebsiella_phage_K5|label=pharbp	K9L8K6|Klebsiella|Bacteriophage_KP36|Podo|RBP	23.656	186	111	8	139	309	451	620	0.89	24.3	575
query5|Klebsiella_pneumoniae|Klebsiella_phage_K5|label=pharbp	P20345|Bacillus|Bacteriophage_phi-29|Podo|RBP	40.426	47	26	1	409	455	543	587	1.2	23.9	575
query5|Klebsiella_pneumoniae|Klebsiella_phage_K5|label=pharbp	P07537|Bacillus|Bacteriophage_PZA|Podo|RBP	38.298	47	27	1	409	455	543	587	1.7	23.5	575
query5|Klebsiella_pneumoniae|Klebsiella_phage_K5|label=pharbp	AEM91898.1|Escherichia|Bacteriophage_Cba120|Sipho|RBP	36.364	33	19	1	154	186	474	504	2.0	23.1	575
query5|Klebsiella_pneumoniae|Klebsiella_phage_K5|label=pharbp	OUTGROUP_CAPSID_02|Escherichia_phage_phiC120|major_head_protein|YP_010090013.1|OUTGROUP	29.730	74	26	4	83	138	113	178	2.6	22.7	575
query5|Klebsiella_pneumoniae|Klebsiella_phage_K5|label=pharbp	Q9G0B4|Escherichia|Bacteriophage_AR1|Podo|RBP	42.105	19	11	0	214	232	3	21	3.3	22.3	575
query5|Klebsiella_pneumoniae|Klebsiella_phage_K5|label=pharbp	pdb_00008xci|Escherichia|Bacteriophage_lambda|Sipho|RBP	22.917	96	63	2	364	459	610	694	3.4	22.3	575
query5|Klebsiella_pneumoniae|Klebsiella_phage_K5|label=pharbp	pdb_00001zru|Lactococcal|Bacteriophage_P2|Myo|RBP	24.138	58	40	2	451	508	4	57	4.4	21.9	575
query5|Klebsiella_pneumoniae|Klebsiella_phage_K5|label=pharbp	pdb_00007qlr|Clostridium|Bacteriophage_C._difficile|Sipho|RBP	28.571	49	32	1	522	570	388	433	5.2	21.9	575
query5|Klebsiella_pneumoniae|Klebsiella_phage_K5|label=pharbp	OUTGROUP_CAPSID_04|Escherichia_phage_IME08|major_head_protein|YP_003734314.1|OUTGROUP	28.814	59	25	2	74	115	104	162	7.6	21.2	575
query5|Klebsiella_pneumoniae|Klebsiella_phage_K5|label=pharbp	CBY99572.1|Escherichia|Bacteriophage_phi92|Myo|RBP	29.412	68	36	3	283	341	360	424	8.8	21.2	575
query5|Klebsiella_pneumoniae|Klebsiella_phage_K5|label=pharbp	pdb_00005yvq|Enterobacteria|Bacteriophage_Mu|Myo|RBP	38.095	21	13	0	349	369	416	436	9.1	20.8	575
query5|Klebsiella_pneumoniae|Klebsiella_phage_K5|label=pharbp	YP_009788589.1|Klebsiella|Bacteriophage_K5-2|Myo|RBP	54.545	11	5	0	77	87	791	801	10	20.8	575
query5|Klebsiella_pneumoniae|Klebsiella_phage_K5|label=pharbp	OUTGROUP_CAPSID_05|Klebsiella_phage_vB_KpnM_KpV477|major_head_protein|YP_009288862.1|OUTGROUP	32.432	37	21	1	371	403	271	307	12	20.8	575
query5|Klebsiella_pneumoniae|Klebsiella_phage_K5|label=pharbp	OUTGROUP_CAPSID_01|Escherichia_phage_T4|major_head_protein|NP_049787.1|OUTGROUP	29.412	51	19	2	83	116	112	162	14	20.4	575
query5|Klebsiella_pneumoniae|Klebsiella_phage_K5|label=pharbp	YP_009168860.1|Escherichia|Bacteriophage_K1H|Podo|RBP	34.483	29	15	1	527	555	351	375	14	20.4	575
query5|Klebsiella_pneumoniae|Klebsiella_phage_K5|label=pharbp	OUTGROUP_CAPSID_03|Escherichia_phage_vB_EcoM_VR25|major_head_protein|YP_009209931.1|OUTGROUP	30.357	56	22	2	74	112	101	156	14	20.4	575
query5|Klebsiella_pneumoniae|Klebsiella_phage_K5|label=pharbp	AEL79676.1|Escherichia|Bacteriophage_vB_EcoP_G7C|Podo|RBP	36.957	46	23	3	78	119	646	689	17	20.0	575
query5|Klebsiella_pneumoniae|Klebsiella_phage_K5|label=pharbp	AVZ45096|Escherichia|Bacteriophage_EP335|Podo|RBP	29.412	34	24	0	383	416	171	204	19	20.0	575
query5|Klebsiella_pneumoniae|Klebsiella_phage_K5|label=pharbp	Q04830|Escherichia|Bacteriophage_K1F|Podo|RBP	42.105	19	11	0	75	93	833	851	19	20.0	575
query5|Klebsiella_pneumoniae|Klebsiella_phage_K5|label=pharbp	pdb_0000q0pdk6|Bacillus|Bacteriophage_SPP1|Sipho|RBP	57.143	14	6	0	516	529	453	466	22	19.6	575
query5|Klebsiella_pneumoniae|Klebsiella_phage_K5|label=pharbp	O09496|Escherichia|Bacteriophage_K5|Podo|RBP	47.826	23	11	1	274	296	321	342	24	19.6	575
query5|Klebsiella_pneumoniae|Klebsiella_phage_K5|label=pharbp	YP_654147.1|Escherichia|Bacteriophage_K1-5|Podo|RBP	47.826	23	11	1	274	296	321	342	25	19.6	575
query5|Klebsiella_pneumoniae|Klebsiella_phage_K5|label=pharbp	P08234|Enterobacteria|Bacteriophage_M1|Podo|RBP	25.926	54	34	1	218	271	9	56	26	19.2	575
query5|Klebsiella_pneumoniae|Klebsiella_phage_K5|label=pharbp	YP_006382457.1|Escherichia|Bacteriophage_vB_EcoS_AKFV33|Sipho|RBP	29.630	54	30	1	46	91	416	469	26	19.6	575
query5|Klebsiella_pneumoniae|Klebsiella_phage_K5|label=pharbp	P12528|Salmonella|Bacteriophage_P22|Podo|RBP	22.680	97	67	2	451	540	120	215	30	19.2	575
query5|Klebsiella_pneumoniae|Klebsiella_phage_K5|label=pharbp	M1EBB2.1|Salmonella|Salmonella_phage_vB_SenM-S16|Myo|RBP	26.415	53	34	1	214	266	3	50	31	19.2	575
query5|Klebsiella_pneumoniae|Klebsiella_phage_K5|label=pharbp	Q775D6|Bordetella|Bacteriophage_BPP-1|Podo|RBP	25.000	28	21	0	212	239	339	366	31	19.2	575
query5|Klebsiella_pneumoniae|Klebsiella_phage_K5|label=pharbp	AEM91897.1|Escherichia|Bacteriophage_Cba120|Sipho|RBP	26.230	61	28	3	161	207	719	776	32	19.2	575
query5|Klebsiella_pneumoniae|Klebsiella_phage_K5|label=pharbp	Q858F5|Salmonella|Bacteriophage_epsilon15|Podo|RBP	35.897	39	22	2	40	77	598	634	46	18.9	575
query5|Klebsiella_pneumoniae|Klebsiella_phage_K5|label=pharbp	OUTGROUP_CAPSID_06|Enterobacter_phage_CC31|major_head_protein|YP_004010035.1|OUTGROUP	27.451	51	20	2	83	116	111	161	48	18.5	575
query5|Klebsiella_pneumoniae|Klebsiella_phage_K5|label=pharbp	P07627|Enterobacteria|Bacteriophage_Ox2|Sipho|RBP	40.000	25	14	1	283	307	4	27	48	18.5	575
query5|Klebsiella_pneumoniae|Klebsiella_phage_K5|label=pharbp	pdb_00005e7f|Lactococcus|Bacteriophage_Tuc2009|Sipho|RBP	33.333	33	19	1	518	547	124	156	57	18.1	575
query5|Klebsiella_pneumoniae|Klebsiella_phage_K5|label=pharbp	P10930|Enterobacteria|Bacteriophage_T4|Myo|RBP	61.538	13	5	0	494	506	75	87	63	18.1	575
query5|Klebsiella_pneumoniae|Klebsiella_phage_K5|label=pharbp	P03744|Enterobacteria|Bacteriophage_T4|Myo|RBP	29.032	31	22	0	544	574	684	714	68	18.1	575
query5|Klebsiella_pneumoniae|Klebsiella_phage_K5|label=pharbp	pdb_00006iab|Staphylococcus|Bacteriophage_P68|Sipho|RBP	26.829	82	48	6	477	547	534	614	71	18.1	575
query5|Klebsiella_pneumoniae|Klebsiella_phage_K5|label=pharbp	P10308|Enterobacteria|Bacteriophage_T3|Podo|RBP	56.250	16	6	1	465	479	72	87	83	17.7	575
query5|Klebsiella_pneumoniae|Klebsiella_phage_K5|label=pharbp	P23207.2|Escherichia|Bacteriophage_T5|Sipho|RBP	28.571	42	22	1	297	338	228	261	86	17.7	575
query5|Klebsiella_pneumoniae|Klebsiella_phage_K5|label=pharbp	P03748|Escherichia|Bacteriophage_T7|Podo|RBP	56.250	16	6	1	465	479	72	87	87	17.7	575
query5|Klebsiella_pneumoniae|Klebsiella_phage_K5|label=pharbp	YP_004782195.1|Escherichia|Bacteriophage_vB_EcoP_G7C|Podo|RBP	36.364	22	14	0	81	102	63	84	99	17.7	575
query5|Klebsiella_pneumoniae|Klebsiella_phage_K5|label=pharbp	AEM91899.1|Escherichia|Bacteriophage_Cba120|Sipho|RBP	33.333	30	19	1	187	216	305	333	108	17.7	575
query5|Klebsiella_pneumoniae|Klebsiella_phage_K5|label=pharbp	P0DTN8|Klebsiella|Bacteriophage_RAD2|Podo|RBP	36.364	33	21	0	289	321	621	653	116	17.3	575
query5|Klebsiella_pneumoniae|Klebsiella_phage_K5|label=pharbp	pdb_00002fsd|Lactococcus|Bacteriophage_bIL170|Sipho|RBP	31.579	19	13	0	245	263	69	87	124	16.9	575
query5|Klebsiella_pneumoniae|Klebsiella_phage_K5|label=pharbp	QQG32074.1|Salmonella|Bacteriophage_vB_CkoM_CkP1|Myo|RBP	32.000	25	17	0	120	144	274	298	132	17.3	575
query5|Klebsiella_pneumoniae|Klebsiella_phage_K5|label=pharbp	pdb_00002f0c|Lactococcus|Bacteriophage_P335|Sipho|RBP	21.649	97	61	3	320	409	53	141	134	16.9	575
query5|Klebsiella_pneumoniae|Klebsiella_phage_K5|label=pharbp	YP_654148.1|Escherichia|Bacteriophage_K1-5|Podo|RBP	26.316	38	20	1	79	116	632	661	152	16.9	575
query5|Klebsiella_pneumoniae|Klebsiella_phage_K5|label=pharbp	P49714|Escherichia|Bacteriophage_K1E|Podo|RBP	42.857	14	8	0	386	399	404	417	167	16.9	575
query5|Klebsiella_pneumoniae|Klebsiella_phage_K5|label=pharbp	P0DJY6|Escherichia|Bacteriophage_Mu|Myo|RBP	33.333	9	6	0	231	239	81	89	172	16.9	575
query5|Klebsiella_pneumoniae|Klebsiella_phage_K5|label=pharbp	YP_512279.1|Escherichia|Bacteriophage_phiV10|Sipho|RBP	43.750	16	9	0	118	133	258	273	179	16.9	575
query5|Klebsiella_pneumoniae|Klebsiella_phage_K5|label=pharbp	P07876|Enterobacteria|Bacteriophage_K3|Podo|RBP	30.952	42	28	1	383	423	68	109	185	16.5	575
query5|Klebsiella_pneumoniae|Klebsiella_phage_K5|label=pharbp	Q9XJP3|Shigella|Bacteriophage_Sf6|Podo|RBP	40.000	15	9	0	532	546	43	57	201	16.5	575
query5|Klebsiella_pneumoniae|Klebsiella_phage_K5|label=pharbp	P0DTN7|Klebsiella|Bacteriophage_B1|Podo|RBP	34.615	26	17	0	126	151	468	493	218	16.5	575
query5|Klebsiella_pneumoniae|Klebsiella_phage_K5|label=pharbp	YP_001671760.1|Escherichia|Bacteriophage_PhiEco32|Podo|RBP	50.000	12	6	0	15	26	243	254	266	16.2	575
query5|Klebsiella_pneumoniae|Klebsiella_phage_K5|label=pharbp	pdb_00004rga|Lactococcus|Bacteriophage_1358|Sipho|RBP	33.333	15	10	0	22	36	325	339	340	15.8	575
query5|Klebsiella_pneumoniae|Klebsiella_phage_K5|label=pharbp	P22588|Escherichia|Bacteriophage_P1|Myo|RBP	46.667	15	8	0	374	388	220	234	376	15.8	575
query5|Klebsiella_pneumoniae|Klebsiella_phage_K5|label=pharbp	pdb_00005efv|Staphylococcus|Bacteriophage_11|Sipho|RBP	30.769	26	16	1	469	494	526	549	412	15.8	575
query5|Klebsiella_pneumoniae|Klebsiella_phage_K5|label=pharbp	AUV56907.1|Staphylococcus|Bacteriophage_vB_SauM_LM12|Myo|RBP	21.739	46	23	1	446	478	56	101	426	15.4	575
query5|Klebsiella_pneumoniae|Klebsiella_phage_K5|label=pharbp	P13332|Enterobacteria|Bacteriophage_T4|Myo|RBP	38.889	18	11	0	165	182	302	319	580	15.0	575
query6|Escherichia|Escherichia_phage_phiC120|label=outgroup	OUTGROUP_CAPSID_02|Escherichia_phage_phiC120|major_head_protein|YP_010090013.1|OUTGROUP	100.000	522	0	0	1	522	1	522	0.0	1066	522
query6|Escherichia|Escherichia_phage_phiC120|label=outgroup	OUTGROUP_CAPSID_01|Escherichia_phage_T4|major_head_protein|NP_049787.1|OUTGROUP	94.808	520	27	0	3	522	2	521	0.0	1019	522
query6|Escherichia|Escherichia_phage_phiC120|label=outgroup	OUTGROUP_CAPSID_04|Escherichia_phage_IME08|major_head_protein|YP_003734314.1|OUTGROUP	83.946	517	82	1	7	522	6	522	0.0	897	522
query6|Escherichia|Escherichia_phage_phiC120|label=outgroup	OUTGROUP_CAPSID_05|Klebsiella_phage_vB_KpnM_KpV477|major_head_protein|YP_009288862.1|OUTGROUP	82.592	517	89	1	7	522	3	519	0.0	885	522
query6|Escherichia|Escherichia_phage_phiC120|label=outgroup	OUTGROUP_CAPSID_03|Escherichia_phage_vB_EcoM_VR25|major_head_protein|YP_009209931.1|OUTGROUP	84.139	517	81	1	7	522	3	519	0.0	885	522
query6|Escherichia|Escherichia_phage_phiC120|label=outgroup	OUTGROUP_CAPSID_06|Enterobacter_phage_CC31|major_head_protein|YP_004010035.1|OUTGROUP	81.712	514	93	1	10	522	7	520	0.0	872	522
query6|Escherichia|Escherichia_phage_phiC120|label=outgroup	AEM91899.1|Escherichia|Bacteriophage_Cba120|Sipho|RBP	25.926	108	67	5	332	435	286	384	0.51	25.0	522
query6|Escherichia|Escherichia_phage_phiC120|label=outgroup	YP_003347556.1|Klebsiella|Bacteriophage_KP32|Podo|RBP	31.081	74	25	4	113	178	84	139	0.67	24.6	522
query6|Escherichia|Escherichia_phage_phiC120|label=outgroup	pdb_00002f0c|Lactococcus|Bacteriophage_P335|Sipho|RBP	22.581	62	42	1	330	385	73	134	1.2	23.5	522
query6|Escherichia|Escherichia_phage_phiC120|label=outgroup	YP_654148.1|Escherichia|Bacteriophage_K1-5|Podo|RBP	29.508	61	33	2	255	313	717	769	3.0	22.3	522
query6|Escherichia|Escherichia_phage_phiC120|label=outgroup	P0DTN8|Klebsiella|Bacteriophage_RAD2|Podo|RBP	29.032	31	22	0	24	54	643	673	5.6	21.6	522
query6|Escherichia|Escherichia_phage_phiC120|label=outgroup	P0DTN7|Klebsiella|Bacteriophage_B1|Podo|RBP	29.032	31	22	0	24	54	643	673	8.1	21.2	522
query6|Escherichia|Escherichia_phage_phiC120|label=outgroup	YP_512279.1|Escherichia|Bacteriophage_phiV10|Sipho|RBP	34.146	41	25	1	187	225	285	325	9.0	20.8	522
query6|Escherichia|Escherichia_phage_phiC120|label=outgroup	P07537|Bacillus|Bacteriophage_PZA|Podo|RBP	25.781	128	83	4	69	194	463	580	11	20.4	522
query6|Escherichia|Escherichia_phage_phiC120|label=outgroup	P49714|Escherichia|Bacteriophage_K1E|Podo|RBP	27.869	61	34	2	255	313	717	769	12	20.4	522
query6|Escherichia|Escherichia_phage_phiC120|label=outgroup	Q858F5|Salmonella|Bacteriophage_epsilon15|Podo|RBP	26.866	67	47	2	343	409	851	915	12	20.4	522
query6|Escherichia|Escherichia_phage_phiC120|label=outgroup	P20345|Bacillus|Bacteriophage_phi-29|Podo|RBP	29.412	34	18	1	106	133	380	413	12	20.4	522
query6|Escherichia|Escherichia_phage_phiC120|label=outgroup	Q775D6|Bordetella|Bacteriophage_BPP-1|Podo|RBP	26.667	75	40	2	352	426	54	113	21	19.6	522
query6|Escherichia|Escherichia_phage_phiC120|label=outgroup	pdb_00007qlr|Clostridium|Bacteriophage_C._difficile|Sipho|RBP	39.130	23	14	0	394	416	445	467	21	19.6	522
query6|Escherichia|Escherichia_phage_phiC120|label=outgroup	AVZ45096|Escherichia|Bacteriophage_EP335|Podo|RBP	33.333	30	19	1	163	191	475	504	35	18.9	522
query6|Escherichia|Escherichia_phage_phiC120|label=outgroup	AEM91897.1|Escherichia|Bacteriophage_Cba120|Sipho|RBP	30.769	39	26	1	103	140	677	715	35	18.9	522
query6|Escherichia|Escherichia_phage_phiC120|label=outgroup	YP_009168860.1|Escherichia|Bacteriophage_K1H|Podo|RBP	32.432	37	24	1	307	343	465	500	37	18.9	522
query6|Escherichia|Escherichia_phage_phiC120|label=outgroup	P13332|Enterobacteria|Bacteriophage_T4|Myo|RBP	37.500	16	10	0	273	288	72	87	44	18.5	522
query6|Escherichia|Escherichia_phage_phiC120|label=outgroup	pdb_0000q0pdk6|Bacillus|Bacteriophage_SPP1|Sipho|RBP	42.105	19	11	0	411	429	908	926	45	18.5	522
query6|Escherichia|Escherichia_phage_phiC120|label=outgroup	Q04830|Escherichia|Bacteriophage_K1F|Podo|RBP	40.000	20	10	1	102	121	772	789	61	18.1	522
query6|Escherichia|Escherichia_phage_phiC120|label=outgroup	P23207.2|Escherichia|Bacteriophage_T5|Sipho|RBP	25.806	62	41	2	242	300	58	117	73	18.1	522
query6|Escherichia|Escherichia_phage_phiC120|label=outgroup	YP_001671760.1|Escherichia|Bacteriophage_PhiEco32|Podo|RBP	37.037	27	17	0	455	481	213	239	76	17.7	522
query6|Escherichia|Escherichia_phage_phiC120|label=outgroup	P10308|Enterobacteria|Bacteriophage_T3|Podo|RBP	23.077	26	20	0	26	51	1	26	82	17.7	522
query6|Escherichia|Escherichia_phage_phiC120|label=outgroup	Q9G0B4|Escherichia|Bacteriophage_AR1|Podo|RBP	50.000	10	5	0	69	78	50	59	89	17.3	522
query6|Escherichia|Escherichia_phage_phiC120|label=outgroup	QQG32074.1|Salmonella|Bacteriophage_vB_CkoM_CkP1|Myo|RBP	28.000	50	33	2	23	72	176	222	90	17.7	522
query6|Escherichia|Escherichia_phage_phiC120|label=outgroup	Q9XJP3|Shigella|Bacteriophage_Sf6|Podo|RBP	30.000	20	14	0	346	365	359	378	90	17.7	522
query6|Escherichia|Escherichia_phage_phiC120|label=outgroup	P03748|Escherichia|Bacteriophage_T7|Podo|RBP	23.077	26	20	0	26	51	1	26	91	17.7	522
query6|Escherichia|Escherichia_phage_phiC120|label=outgroup	YP_006382457.1|Escherichia|Bacteriophage_vB_EcoS_AKFV33|Sipho|RBP	27.778	36	25	1	176	211	23	57	91	17.7	522
query6|Escherichia|Escherichia_phage_phiC120|label=outgroup	QLF82969.1|Klebsiella|Bacteriophage_KpnM6E1|Myo|RBP	44.444	9	5	0	495	503	126	134	92	17.3	522
query6|Escherichia|Escherichia_phage_phiC120|label=outgroup	P12528|Salmonella|Bacteriophage_P22|Podo|RBP	50.000	10	5	0	372	381	317	326	92	17.7	522
query6|Escherichia|Escherichia_phage_phiC120|label=outgroup	AEM91898.1|Escherichia|Bacteriophage_Cba120|Sipho|RBP	23.404	47	36	0	303	349	349	395	105	17.3	522
query6|Escherichia|Escherichia_phage_phiC120|label=outgroup	NP_112089.1|Enterobacteria|Bacteriophage_HK620|Sipho|RBP	83.333	6	1	0	108	113	81	86	107	16.9	522
query6|Escherichia|Escherichia_phage_phiC120|label=outgroup	P08234|Enterobacteria|Bacteriophage_M1|Podo|RBP	50.000	10	5	0	69	78	52	61	121	16.9	522
query6|Escherichia|Escherichia_phage_phiC120|label=outgroup	YP_654147.1|Escherichia|Bacteriophage_K1-5|Podo|RBP	46.154	13	7	0	192	204	334	346	126	17.3	522
query6|Escherichia|Escherichia_phage_phiC120|label=outgroup	M1EBB2.1|Salmonella|Salmonella_phage_vB_SenM-S16|Myo|RBP	35.000	20	13	0	424	443	108	127	128	16.9	522
query6|Escherichia|Escherichia_phage_phiC120|label=outgroup	O09496|Escherichia|Bacteriophage_K5|Podo|RBP	46.154	13	7	0	192	204	334	346	130	16.9	522
query6|Escherichia|Escherichia_phage_phiC120|label=outgroup	pdb_00005yvq|Enterobacteria|Bacteriophage_Mu|Myo|RBP	26.829	41	23	1	420	460	285	318	143	16.9	522
query6|Escherichia|Escherichia_phage_phiC120|label=outgroup	AUV56907.1|Staphylococcus|Bacteriophage_vB_SauM_LM12|Myo|RBP	27.027	74	37	3	173	246	67	123	151	16.9	522
query6|Escherichia|Escherichia_phage_phiC120|label=outgroup	P03744|Enterobacteria|Bacteriophage_T4|Myo|RBP	39.130	23	14	0	416	438	292	314	155	16.9	522
query6|Escherichia|Escherichia_phage_phiC120|label=outgroup	P10930|Enterobacteria|Bacteriophage_T4|Myo|RBP	50.000	12	6	0	432	443	303	314	156	16.9	522
query6|Escherichia|Escherichia_phage_phiC120|label=outgroup	pdb_00004rga|Lactococcus|Bacteriophage_1358|Sipho|RBP	37.500	24	15	0	50	73	318	341	169	16.5	522
query6|Escherichia|Escherichia_phage_phiC120|label=outgroup	pdb_00001zru|Lactococcal|Bacteriophage_P2|Myo|RBP	21.951	41	24	1	232	272	193	225	180	16.5	522
query6|Escherichia|Escherichia_phage_phiC120|label=outgroup	YP_009788589.1|Klebsiella|Bacteriophage_K5-2|Myo|RBP	32.258	31	18	1	324	351	532	562	182	16.5	522
query6|Escherichia|Escherichia_phage_phiC120|label=outgroup	YP_004782195.1|Escherichia|Bacteriophage_vB_EcoP_G7C|Podo|RBP	28.000	50	26	3	401	447	377	419	182	16.5	522
query6|Escherichia|Escherichia_phage_phiC120|label=outgroup	CBY99572.1|Escherichia|Bacteriophage_phi92|Myo|RBP	40.000	15	9	0	66	80	660	674	202	16.5	522
query6|Escherichia|Escherichia_phage_phiC120|label=outgroup	AEL79676.1|Escherichia|Bacteriophage_vB_EcoP_G7C|Podo|RBP	38.095	21	13	0	59	79	113	133	210	16.5	522
query6|Escherichia|Escherichia_phage_phiC120|label=outgroup	P22588|Escherichia|Bacteriophage_P1|Myo|RBP	43.750	16	9	0	414	429	103	118	218	16.2	522
query6|Escherichia|Escherichia_phage_phiC120|label=outgroup	P07627|Enterobacteria|Bacteriophage_Ox2|Sipho|RBP	40.000	20	12	0	481	500	69	88	227	16.2	522
query6|Escherichia|Escherichia_phage_phiC120|label=outgroup	pdb_00005efv|Staphylococcus|Bacteriophage_11|Sipho|RBP	23.529	51	39	0	241	291	357	407	253	16.2	522
query6|Escherichia|Escherichia_phage_phiC120|label=outgroup	pdb_00006iab|Staphylococcus|Bacteriophage_P68|Sipho|RBP	25.926	27	20	0	152	178	189	215	274	16.2	522
query6|Escherichia|Escherichia_phage_phiC120|label=outgroup	YP_009880322.1|Escherichia|Bacteriophage_ep75|Sipho|RBP	25.000	28	21	0	331	358	317	344	275	16.2	522
query6|Escherichia|Escherichia_phage_phiC120|label=outgroup	pdb_00008xci|Escherichia|Bacteriophage_lambda|Sipho|RBP	38.462	13	8	0	505	517	792	804	342	15.8	522
query6|Escherichia|Escherichia_phage_phiC120|label=outgroup	K9L8K6|Klebsiella|Bacteriophage_KP36|Podo|RBP	41.667	12	7	0	506	517	629	640	490	15.4	522
query6|Escherichia|Escherichia_phage_phiC120|label=outgroup	P0DJY6|Escherichia|Bacteriophage_Mu|Myo|RBP	30.435	23	16	0	203	225	90	112	500	15.0	522
query6|Escherichia|Escherichia_phage_phiC120|label=outgroup	pdb_00005e7f|Lactococcus|Bacteriophage_Tuc2009|Sipho|RBP	50.000	12	4	1	461	472	157	166	690	14.6	522
query6|Escherichia|Escherichia_phage_phiC120|label=outgroup	APZ82848.1|Klebsiella|Bacteriophage_K5-4|Myo|RBP	25.926	27	20	0	305	331	607	633	877	14.2	522
